-- phpMyAdmin SQL Dump
-- version 5.0.2
-- https://www.phpmyadmin.net/
--
-- Hôte : 127.0.0.1:3306
-- Généré le : mer. 17 fév. 2021 à 08:58
-- Version du serveur :  5.7.31
-- Version de PHP : 7.4.15

SET SQL_MODE = "NO_AUTO_VALUE_ON_ZERO";
START TRANSACTION;
SET time_zone = "+00:00";


/*!40101 SET @OLD_CHARACTER_SET_CLIENT=@@CHARACTER_SET_CLIENT */;
/*!40101 SET @OLD_CHARACTER_SET_RESULTS=@@CHARACTER_SET_RESULTS */;
/*!40101 SET @OLD_COLLATION_CONNECTION=@@COLLATION_CONNECTION */;
/*!40101 SET NAMES utf8mb4 */;

--
-- Base de données : `wf3_php_final_melvin`
--

-- --------------------------------------------------------

--
-- Structure de la table `contest`
--

DROP TABLE IF EXISTS `contest`;
CREATE TABLE IF NOT EXISTS `contest` (
  `id` int(11) NOT NULL AUTO_INCREMENT,
  `game_id` int(11) NOT NULL,
  `start_date` date NOT NULL,
  `winner_id` int(11) DEFAULT NULL,
  PRIMARY KEY (`id`)
) ENGINE=InnoDB AUTO_INCREMENT=3 DEFAULT CHARSET=utf8;

--
-- Déchargement des données de la table `contest`
--

INSERT INTO `contest` (`id`, `game_id`, `start_date`, `winner_id`) VALUES
(1, 23, '2019-12-25', 2),
(2, 25, '2020-12-25', NULL);

-- --------------------------------------------------------

--
-- Structure de la table `game`
--

DROP TABLE IF EXISTS `game`;
CREATE TABLE IF NOT EXISTS `game` (
  `id` int(11) NOT NULL AUTO_INCREMENT,
  `title` varchar(100) NOT NULL,
  `min_players` int(11) NOT NULL,
  `max_players` int(11) NOT NULL,
  PRIMARY KEY (`id`)
) ENGINE=InnoDB AUTO_INCREMENT=27 DEFAULT CHARSET=utf8;

--
-- Déchargement des données de la table `game`
--

INSERT INTO `game` (`id`, `title`, `min_players`, `max_players`) VALUES
(23, '7 Wonders', 2, 7),
(24, 'Ticket to Ride', 2, 5),
(25, 'Pandemic', 2, 4),
(26, 'Munchkin', 3, 6);

-- --------------------------------------------------------

--
-- Structure de la table `player`
--

DROP TABLE IF EXISTS `player`;
CREATE TABLE IF NOT EXISTS `player` (
  `id` int(11) NOT NULL AUTO_INCREMENT,
  `email` varchar(100) NOT NULL,
  `nickname` varchar(100) NOT NULL,
  PRIMARY KEY (`id`)
) ENGINE=InnoDB AUTO_INCREMENT=6 DEFAULT CHARSET=utf8;

--
-- Déchargement des données de la table `player`
--

INSERT INTO `player` (`id`, `email`, `nickname`) VALUES
(1, 'luke.skywalker@rogue.sw', 'Luke'),
(2, 'amidala.padme@naboo.gov', 'Padme'),
(3, 'han.solo@millenium-falcon.com', 'HanSolo'),
(4, 'chewbacca@wook.ie', 'Chewbie'),
(5, 'rey@jakku.planet', 'Rey');

-- --------------------------------------------------------

--
-- Structure de la table `player_contest`
--

DROP TABLE IF EXISTS `player_contest`;
CREATE TABLE IF NOT EXISTS `player_contest` (
  `id` int(11) NOT NULL AUTO_INCREMENT,
  `player_id` int(11) NOT NULL,
  `contest_id` int(11) NOT NULL,
  PRIMARY KEY (`id`)
) ENGINE=InnoDB AUTO_INCREMENT=9 DEFAULT CHARSET=utf8;

--
-- Déchargement des données de la table `player_contest`
--

INSERT INTO `player_contest` (`id`, `player_id`, `contest_id`) VALUES
(1, 1, 1),
(2, 2, 1),
(3, 3, 1),
(4, 4, 1),
(5, 5, 1),
(6, 2, 2),
(7, 3, 2),
(8, 5, 2);
COMMIT;

/*!40101 SET CHARACTER_SET_CLIENT=@OLD_CHARACTER_SET_CLIENT */;
/*!40101 SET CHARACTER_SET_RESULTS=@OLD_CHARACTER_SET_RESULTS */;
/*!40101 SET COLLATION_CONNECTION=@OLD_COLLATION_CONNECTION */;
